[
	{
		"attrs": [],
		"id": "/Launcher",
		"name": "Launcher",
		"parent id": "/",
		"resources": {
			"CPU time": 2436,
			"memory size": 32452608,
			"wall time": 74956
		},
		"type": "component"
	},
	{
		"attrs": [
			{
				"name": "Unsafes",
				"value": "2"
			},
			{
				"name": "Unsafe-incomplete",
				"value": "0.0%"
			},
			{
				"name": "Initial traces",
				"value": "26"
			},
			{
				"name": "Filtered traces",
				"value": "26"
			}
		],
		"id": "/MEA",
		"name": "MEA",
		"parent id": "/",
		"resources": {
			"CPU time": 1017,
			"memory size": 23040000,
			"wall time": 2684
		},
		"type": "component"
	},
	{
		"attrs": [],
		"id": "/Coverage",
		"name": "Coverage",
		"parent id": "/",
		"resources": {
			"CPU time": 279,
			"memory size": 22540288,
			"wall time": 5121
		},
		"type": "component"
	},
	{
		"attrs": [
			{
				"associate": true,
				"compare": true,
				"name": "Verification object",
				"value": "array3_false-valid-deref.i"
			},
			{
				"associate": true,
				"compare": true,
				"name": "Rule specification",
				"value": "valid-deref valid-free valid-memtrack"
			}
		],
		"coverage": "coverage_0.zip",
		"coverage sources": "coverage_sources.zip",
		"id": "/CPAchecker_0",
		"name": "CPAchecker",
		"parent id": "/Launcher",
		"resources": {
			"CPU time": 901682.03971,
			"blkio-read": "0",
			"blkio-write": "4096",
			"error traces": "1",
			"memory size": 2084000000,
			"wall time": 890309.50593
		},
		"type": "verification"
	},
	{
		"attrs": [
			{
				"name": "Coverage",
				"value": [
					{
						"name": "Lines",
						"value": "35.7"
					},
					{
						"name": "Functions",
						"value": "50.0"
					}
				]
			}
		],
		"id": "/CPAchecker/other_0",
		"parent id": "/CPAchecker_0",
		"problem desc": "unknown_0.zip",
		"type": "unknown"
	},
	{
		"attrs": [
			{
				"associate": true,
				"compare": true,
				"name": "Verification object",
				"value": "floppy_false-valid-deref.i.cil.c"
			},
			{
				"associate": true,
				"compare": true,
				"name": "Rule specification",
				"value": "valid-deref valid-free valid-memtrack"
			}
		],
		"coverage": "coverage_1.zip",
		"id": "/CPAchecker_1",
		"name": "CPAchecker",
		"parent id": "/Launcher",
		"resources": {
			"CPU time": 16018.74364,
			"blkio-read": "327680",
			"blkio-write": "8192",
			"error traces": "1",
			"memory size": 489000000,
			"wall time": 9385.408163
		},
		"type": "verification"
	},
	{
		"attrs": [
			{
				"name": "Traces",
				"value": [
					{
						"name": "Filtered",
						"value": "1"
					},
					{
						"name": "Initial",
						"value": "1"
					}
				]
			},
			{
				"name": "Found all traces",
				"value": "True"
			},
			{
				"name": "Filtering time",
				"value": "0.03"
			},
			{
				"name": "Coverage",
				"value": [
					{
						"name": "Lines",
						"value": "34.7"
					},
					{
						"name": "Functions",
						"value": "3.1"
					}
				]
			}
		],
		"error traces": [
			"unsafe_0.zip"
		],
		"id": "/CPAchecker/unsafe_0",
		"parent id": "/CPAchecker_1",
		"sources": "sources.zip",
		"type": "unsafe"
	},
	{
		"attrs": [
			{
				"associate": true,
				"compare": true,
				"name": "Verification object",
				"value": "kbfiltr_false-valid-deref.i.cil.c"
			},
			{
				"associate": true,
				"compare": true,
				"name": "Rule specification",
				"value": "valid-deref valid-free valid-memtrack"
			}
		],
		"coverage": "coverage_2.zip",
		"id": "/CPAchecker_2",
		"name": "CPAchecker",
		"parent id": "/Launcher",
		"resources": {
			"CPU time": 7285.05502,
			"blkio-read": "0",
			"blkio-write": "0",
			"error traces": "1",
			"memory size": 208000000,
			"wall time": 5656.081913999999
		},
		"type": "verification"
	},
	{
		"attrs": [
			{
				"name": "Traces",
				"value": [
					{
						"name": "Filtered",
						"value": "1"
					},
					{
						"name": "Initial",
						"value": "1"
					}
				]
			},
			{
				"name": "Found all traces",
				"value": "True"
			},
			{
				"name": "Filtering time",
				"value": "0.02"
			},
			{
				"name": "Coverage",
				"value": [
					{
						"name": "Lines",
						"value": "64.9"
					},
					{
						"name": "Functions",
						"value": "4.1"
					}
				]
			}
		],
		"error traces": [
			"unsafe_1.zip"
		],
		"id": "/CPAchecker/unsafe_1",
		"parent id": "/CPAchecker_2",
		"sources": "sources.zip",
		"type": "unsafe"
	},
	{
		"attrs": [
			{
				"associate": true,
				"compare": true,
				"name": "Verification object",
				"value": "cdaudio_simpl1_false-unreach-call_true-valid-memsafety_true-termination.cil.c"
			},
			{
				"associate": true,
				"compare": true,
				"name": "Rule specification",
				"value": "valid-deref valid-free valid-memtrack"
			}
		],
		"coverage": "coverage_3.zip",
		"id": "/CPAchecker_3",
		"name": "CPAchecker",
		"parent id": "/Launcher",
		"resources": {
			"CPU time": 30518.18145,
			"blkio-read": "0",
			"blkio-write": "4096",
			"error traces": "1",
			"memory size": 1609000000,
			"wall time": 19024.94502
		},
		"type": "verification"
	},
	{
		"attrs": [
			{
				"name": "Coverage",
				"value": [
					{
						"name": "Lines",
						"value": "90.6"
					},
					{
						"name": "Functions",
						"value": "100.0"
					}
				]
			},
			{
				"name": "Relevancy",
				"value": "False"
			}
		],
		"id": "/CPAchecker/other_3",
		"parent id": "/CPAchecker_3",
		"proof": "safe_2.zip",
		"sources": "sources.zip",
		"type": "safe"
	},
	{
		"attrs": [
			{
				"associate": true,
				"compare": true,
				"name": "Verification object",
				"value": "cdaudio_simpl1_true-unreach-call_true-valid-memsafety_true-termination.cil.c"
			},
			{
				"associate": true,
				"compare": true,
				"name": "Rule specification",
				"value": "valid-deref valid-free valid-memtrack"
			}
		],
		"coverage": "coverage_4.zip",
		"id": "/CPAchecker_4",
		"name": "CPAchecker",
		"parent id": "/Launcher",
		"resources": {
			"CPU time": 27298.8906,
			"blkio-read": "0",
			"blkio-write": "0",
			"error traces": "1",
			"memory size": 1233000000,
			"wall time": 15755.063055999999
		},
		"type": "verification"
	},
	{
		"attrs": [
			{
				"name": "Coverage",
				"value": [
					{
						"name": "Lines",
						"value": "90.5"
					},
					{
						"name": "Functions",
						"value": "96.4"
					}
				]
			},
			{
				"name": "Relevancy",
				"value": "False"
			}
		],
		"id": "/CPAchecker/other_4",
		"parent id": "/CPAchecker_4",
		"proof": "safe_3.zip",
		"sources": "sources.zip",
		"type": "safe"
	},
	{
		"attrs": [
			{
				"associate": true,
				"compare": true,
				"name": "Verification object",
				"value": "floppy_simpl3_true-unreach-call_true-valid-memsafety_true-termination.cil.c"
			},
			{
				"associate": true,
				"compare": true,
				"name": "Rule specification",
				"value": "valid-deref valid-free valid-memtrack"
			}
		],
		"coverage": "coverage_5.zip",
		"id": "/CPAchecker_5",
		"name": "CPAchecker",
		"parent id": "/Launcher",
		"resources": {
			"CPU time": 70499.85359999999,
			"blkio-read": "0",
			"blkio-write": "0",
			"error traces": "1",
			"memory size": 3189000000,
			"wall time": 55366.301059000005
		},
		"type": "verification"
	},
	{
		"attrs": [
			{
				"name": "Coverage",
				"value": [
					{
						"name": "Lines",
						"value": "91.6"
					},
					{
						"name": "Functions",
						"value": "84.0"
					}
				]
			},
			{
				"name": "Relevancy",
				"value": "False"
			}
		],
		"id": "/CPAchecker/other_5",
		"parent id": "/CPAchecker_5",
		"proof": "safe_4.zip",
		"sources": "sources.zip",
		"type": "safe"
	},
	{
		"attrs": [
			{
				"associate": true,
				"compare": true,
				"name": "Verification object",
				"value": "diskperf_simpl1_true-unreach-call_true-valid-memsafety_true-termination.cil.c"
			},
			{
				"associate": true,
				"compare": true,
				"name": "Rule specification",
				"value": "valid-deref valid-free valid-memtrack"
			}
		],
		"coverage": "coverage_6.zip",
		"id": "/CPAchecker_6",
		"name": "CPAchecker",
		"parent id": "/Launcher",
		"resources": {
			"CPU time": 902983.46985,
			"blkio-read": "0",
			"blkio-write": "8192",
			"error traces": "1",
			"memory size": 8328000000,
			"wall time": 840980.2131599999
		},
		"type": "verification"
	},
	{
		"attrs": [
			{
				"name": "Coverage",
				"value": [
					{
						"name": "Lines",
						"value": "83.6"
					},
					{
						"name": "Functions",
						"value": "88.0"
					}
				]
			}
		],
		"id": "/CPAchecker/other_6",
		"parent id": "/CPAchecker_6",
		"problem desc": "unknown_6.zip",
		"type": "unknown"
	},
	{
		"attrs": [
			{
				"associate": true,
				"compare": true,
				"name": "Verification object",
				"value": "floppy_simpl4_false-unreach-call_true-valid-memsafety_true-termination.cil.c"
			},
			{
				"associate": true,
				"compare": true,
				"name": "Rule specification",
				"value": "valid-deref valid-free valid-memtrack"
			}
		],
		"coverage": "coverage_7.zip",
		"id": "/CPAchecker_7",
		"name": "CPAchecker",
		"parent id": "/Launcher",
		"resources": {
			"CPU time": 85889.13855,
			"blkio-read": "0",
			"blkio-write": "8192",
			"error traces": "1",
			"memory size": 3819000000,
			"wall time": 67089.268922
		},
		"type": "verification"
	},
	{
		"attrs": [
			{
				"name": "Coverage",
				"value": [
					{
						"name": "Lines",
						"value": "94.8"
					},
					{
						"name": "Functions",
						"value": "92.9"
					}
				]
			},
			{
				"name": "Relevancy",
				"value": "False"
			}
		],
		"id": "/CPAchecker/other_7",
		"parent id": "/CPAchecker_7",
		"proof": "safe_5.zip",
		"sources": "sources.zip",
		"type": "safe"
	},
	{
		"attrs": [
			{
				"associate": true,
				"compare": true,
				"name": "Verification object",
				"value": "floppy_simpl3_false-unreach-call_true-valid-memsafety_true-termination.cil.c"
			},
			{
				"associate": true,
				"compare": true,
				"name": "Rule specification",
				"value": "valid-deref valid-free valid-memtrack"
			}
		],
		"coverage": "coverage_8.zip",
		"id": "/CPAchecker_8",
		"name": "CPAchecker",
		"parent id": "/Launcher",
		"resources": {
			"CPU time": 83907.4513,
			"blkio-read": "0",
			"blkio-write": "0",
			"error traces": "1",
			"memory size": 3021000000,
			"wall time": 56753.74507
		},
		"type": "verification"
	},
	{
		"attrs": [
			{
				"name": "Coverage",
				"value": [
					{
						"name": "Lines",
						"value": "92.8"
					},
					{
						"name": "Functions",
						"value": "91.7"
					}
				]
			},
			{
				"name": "Relevancy",
				"value": "False"
			}
		],
		"id": "/CPAchecker/other_8",
		"parent id": "/CPAchecker_8",
		"proof": "safe_6.zip",
		"sources": "sources.zip",
		"type": "safe"
	},
	{
		"attrs": [
			{
				"associate": true,
				"compare": true,
				"name": "Verification object",
				"value": "kbfiltr_simpl1_true-unreach-call_true-valid-memsafety_true-termination.cil.c"
			},
			{
				"associate": true,
				"compare": true,
				"name": "Rule specification",
				"value": "valid-deref valid-free valid-memtrack"
			}
		],
		"coverage": "coverage_9.zip",
		"id": "/CPAchecker_9",
		"name": "CPAchecker",
		"parent id": "/Launcher",
		"resources": {
			"CPU time": 7585.131009999999,
			"blkio-read": "0",
			"blkio-write": "8192",
			"error traces": "1",
			"memory size": 389000000,
			"wall time": 4111.8488311
		},
		"type": "verification"
	},
	{
		"attrs": [
			{
				"name": "Coverage",
				"value": [
					{
						"name": "Lines",
						"value": "90.8"
					},
					{
						"name": "Functions",
						"value": "90.9"
					}
				]
			},
			{
				"name": "Relevancy",
				"value": "False"
			}
		],
		"id": "/CPAchecker/other_9",
		"parent id": "/CPAchecker_9",
		"proof": "safe_7.zip",
		"sources": "sources.zip",
		"type": "safe"
	},
	{
		"attrs": [
			{
				"associate": true,
				"compare": true,
				"name": "Verification object",
				"value": "kbfiltr_simpl2_false-unreach-call_true-valid-memsafety_true-termination.cil.c"
			},
			{
				"associate": true,
				"compare": true,
				"name": "Rule specification",
				"value": "valid-deref valid-free valid-memtrack"
			}
		],
		"coverage": "coverage_10.zip",
		"id": "/CPAchecker_10",
		"name": "CPAchecker",
		"parent id": "/Launcher",
		"resources": {
			"CPU time": 16370.605300000001,
			"blkio-read": "0",
			"blkio-write": "0",
			"error traces": "1",
			"memory size": 632000000,
			"wall time": 9453.7901878
		},
		"type": "verification"
	},
	{
		"attrs": [
			{
				"name": "Coverage",
				"value": [
					{
						"name": "Lines",
						"value": "92.5"
					},
					{
						"name": "Functions",
						"value": "100.0"
					}
				]
			},
			{
				"name": "Relevancy",
				"value": "False"
			}
		],
		"id": "/CPAchecker/other_10",
		"parent id": "/CPAchecker_10",
		"proof": "safe_8.zip",
		"sources": "sources.zip",
		"type": "safe"
	},
	{
		"attrs": [
			{
				"associate": true,
				"compare": true,
				"name": "Verification object",
				"value": "floppy_simpl4_true-unreach-call_true-valid-memsafety_true-termination.cil.c"
			},
			{
				"associate": true,
				"compare": true,
				"name": "Rule specification",
				"value": "valid-deref valid-free valid-memtrack"
			}
		],
		"coverage": "coverage_11.zip",
		"id": "/CPAchecker_11",
		"name": "CPAchecker",
		"parent id": "/Launcher",
		"resources": {
			"CPU time": 74938.02294,
			"blkio-read": "0",
			"blkio-write": "0",
			"error traces": "1",
			"memory size": 3308000000,
			"wall time": 53396.571874
		},
		"type": "verification"
	},
	{
		"attrs": [
			{
				"name": "Coverage",
				"value": [
					{
						"name": "Lines",
						"value": "94.7"
					},
					{
						"name": "Functions",
						"value": "89.3"
					}
				]
			},
			{
				"name": "Relevancy",
				"value": "False"
			}
		],
		"id": "/CPAchecker/other_11",
		"parent id": "/CPAchecker_11",
		"proof": "safe_9.zip",
		"sources": "sources.zip",
		"type": "safe"
	},
	{
		"attrs": [
			{
				"associate": true,
				"compare": true,
				"name": "Verification object",
				"value": "test_locks_11_true-unreach-call_true-valid-memsafety_false-termination.c"
			},
			{
				"associate": true,
				"compare": true,
				"name": "Rule specification",
				"value": "valid-deref valid-free valid-memtrack"
			}
		],
		"coverage": "coverage_12.zip",
		"id": "/CPAchecker_12",
		"name": "CPAchecker",
		"parent id": "/Launcher",
		"resources": {
			"CPU time": 922070.42133,
			"blkio-read": "0",
			"blkio-write": "0",
			"error traces": "1",
			"memory size": 15231000000,
			"wall time": 532504.07195
		},
		"type": "verification"
	},
	{
		"attrs": [
			{
				"name": "Coverage",
				"value": [
					{
						"name": "Lines",
						"value": "60.8"
					},
					{
						"name": "Functions",
						"value": "100.0"
					}
				]
			}
		],
		"id": "/CPAchecker/other_12",
		"parent id": "/CPAchecker_12",
		"problem desc": "unknown_12.zip",
		"type": "unknown"
	},
	{
		"attrs": [
			{
				"associate": true,
				"compare": true,
				"name": "Verification object",
				"value": "test_locks_12_true-unreach-call_true-valid-memsafety_false-termination.c"
			},
			{
				"associate": true,
				"compare": true,
				"name": "Rule specification",
				"value": "valid-deref valid-free valid-memtrack"
			}
		],
		"coverage": "coverage_13.zip",
		"id": "/CPAchecker_13",
		"name": "CPAchecker",
		"parent id": "/Launcher",
		"resources": {
			"CPU time": 910226.63668,
			"blkio-read": "0",
			"blkio-write": "0",
			"error traces": "1",
			"memory size": 15064000000,
			"wall time": 537174.2718199999
		},
		"type": "verification"
	},
	{
		"attrs": [
			{
				"name": "Coverage",
				"value": [
					{
						"name": "Lines",
						"value": "61.0"
					},
					{
						"name": "Functions",
						"value": "100.0"
					}
				]
			}
		],
		"id": "/CPAchecker/other_13",
		"parent id": "/CPAchecker_13",
		"problem desc": "unknown_13.zip",
		"type": "unknown"
	},
	{
		"attrs": [
			{
				"associate": true,
				"compare": true,
				"name": "Verification object",
				"value": "test_locks_13_true-unreach-call_true-valid-memsafety_false-termination.c"
			},
			{
				"associate": true,
				"compare": true,
				"name": "Rule specification",
				"value": "valid-deref valid-free valid-memtrack"
			}
		],
		"coverage": "coverage_14.zip",
		"id": "/CPAchecker_14",
		"name": "CPAchecker",
		"parent id": "/Launcher",
		"resources": {
			"CPU time": 929457.657,
			"blkio-read": "0",
			"blkio-write": "0",
			"error traces": "1",
			"memory size": 14945000000,
			"wall time": 558424.7100300001
		},
		"type": "verification"
	},
	{
		"attrs": [
			{
				"name": "Coverage",
				"value": [
					{
						"name": "Lines",
						"value": "61.1"
					},
					{
						"name": "Functions",
						"value": "100.0"
					}
				]
			}
		],
		"id": "/CPAchecker/other_14",
		"parent id": "/CPAchecker_14",
		"problem desc": "unknown_14.zip",
		"type": "unknown"
	},
	{
		"attrs": [
			{
				"associate": true,
				"compare": true,
				"name": "Verification object",
				"value": "test_locks_10_true-unreach-call_true-valid-memsafety_false-termination.c"
			},
			{
				"associate": true,
				"compare": true,
				"name": "Rule specification",
				"value": "valid-deref valid-free valid-memtrack"
			}
		],
		"coverage": "coverage_15.zip",
		"id": "/CPAchecker_15",
		"name": "CPAchecker",
		"parent id": "/Launcher",
		"resources": {
			"CPU time": 916891.99203,
			"blkio-read": "2600960",
			"blkio-write": "29335552",
			"error traces": "1",
			"memory size": 15105000000,
			"wall time": 526492.98191
		},
		"type": "verification"
	},
	{
		"attrs": [
			{
				"name": "Coverage",
				"value": [
					{
						"name": "Lines",
						"value": "60.7"
					},
					{
						"name": "Functions",
						"value": "100.0"
					}
				]
			}
		],
		"id": "/CPAchecker/other_15",
		"parent id": "/CPAchecker_15",
		"problem desc": "unknown_15.zip",
		"type": "unknown"
	},
	{
		"attrs": [
			{
				"associate": true,
				"compare": true,
				"name": "Verification object",
				"value": "kbfiltr_simpl2_true-unreach-call_true-valid-memsafety_true-termination.cil.c"
			},
			{
				"associate": true,
				"compare": true,
				"name": "Rule specification",
				"value": "valid-deref valid-free valid-memtrack"
			}
		],
		"coverage": "coverage_16.zip",
		"id": "/CPAchecker_16",
		"name": "CPAchecker",
		"parent id": "/Launcher",
		"resources": {
			"CPU time": 16544.713040000002,
			"blkio-read": "0",
			"blkio-write": "0",
			"error traces": "1",
			"memory size": 584000000,
			"wall time": 9119.7190284
		},
		"type": "verification"
	},
	{
		"attrs": [
			{
				"name": "Coverage",
				"value": [
					{
						"name": "Lines",
						"value": "92.3"
					},
					{
						"name": "Functions",
						"value": "93.8"
					}
				]
			},
			{
				"name": "Relevancy",
				"value": "False"
			}
		],
		"id": "/CPAchecker/other_16",
		"parent id": "/CPAchecker_16",
		"proof": "safe_10.zip",
		"sources": "sources.zip",
		"type": "safe"
	},
	{
		"attrs": [
			{
				"associate": true,
				"compare": true,
				"name": "Verification object",
				"value": "test_locks_14_false-unreach-call_true-valid-memsafety_false-termination.c"
			},
			{
				"associate": true,
				"compare": true,
				"name": "Rule specification",
				"value": "valid-deref valid-free valid-memtrack"
			}
		],
		"coverage": "coverage_17.zip",
		"id": "/CPAchecker_17",
		"name": "CPAchecker",
		"parent id": "/Launcher",
		"resources": {
			"CPU time": 904290.692,
			"blkio-read": "0",
			"blkio-write": "8192",
			"error traces": "1",
			"memory size": 10836000000,
			"wall time": 721360.65602
		},
		"type": "verification"
	},
	{
		"attrs": [
			{
				"name": "Coverage",
				"value": [
					{
						"name": "Lines",
						"value": "76.4"
					},
					{
						"name": "Functions",
						"value": "100.0"
					}
				]
			}
		],
		"id": "/CPAchecker/other_17",
		"parent id": "/CPAchecker_17",
		"problem desc": "unknown_17.zip",
		"type": "unknown"
	},
	{
		"attrs": [
			{
				"associate": true,
				"compare": true,
				"name": "Verification object",
				"value": "test_locks_15_false-unreach-call_true-valid-memsafety_false-termination.c"
			},
			{
				"associate": true,
				"compare": true,
				"name": "Rule specification",
				"value": "valid-deref valid-free valid-memtrack"
			}
		],
		"coverage": "coverage_18.zip",
		"id": "/CPAchecker_18",
		"name": "CPAchecker",
		"parent id": "/Launcher",
		"resources": {
			"CPU time": 904184.8933,
			"blkio-read": "0",
			"blkio-write": "0",
			"error traces": "1",
			"memory size": 5694000000,
			"wall time": 762806.2069400001
		},
		"type": "verification"
	},
	{
		"attrs": [
			{
				"name": "Coverage",
				"value": [
					{
						"name": "Lines",
						"value": "61.8"
					},
					{
						"name": "Functions",
						"value": "100.0"
					}
				]
			}
		],
		"id": "/CPAchecker/other_18",
		"parent id": "/CPAchecker_18",
		"problem desc": "unknown_18.zip",
		"type": "unknown"
	},
	{
		"attrs": [
			{
				"associate": true,
				"compare": true,
				"name": "Verification object",
				"value": "test_locks_15_true-unreach-call_true-valid-memsafety_false-termination.c"
			},
			{
				"associate": true,
				"compare": true,
				"name": "Rule specification",
				"value": "valid-deref valid-free valid-memtrack"
			}
		],
		"coverage": "coverage_19.zip",
		"id": "/CPAchecker_19",
		"name": "CPAchecker",
		"parent id": "/Launcher",
		"resources": {
			"CPU time": 957582.2839700001,
			"blkio-read": "8192",
			"blkio-write": "8192",
			"error traces": "1",
			"memory size": 15209000000,
			"wall time": 558481.5940800001
		},
		"type": "verification"
	},
	{
		"attrs": [
			{
				"name": "Coverage",
				"value": [
					{
						"name": "Lines",
						"value": "61.2"
					},
					{
						"name": "Functions",
						"value": "100.0"
					}
				]
			}
		],
		"id": "/CPAchecker/other_19",
		"parent id": "/CPAchecker_19",
		"problem desc": "unknown_19.zip",
		"type": "unknown"
	},
	{
		"attrs": [
			{
				"associate": true,
				"compare": true,
				"name": "Verification object",
				"value": "test_locks_14_true-unreach-call_true-valid-memsafety_false-termination.c"
			},
			{
				"associate": true,
				"compare": true,
				"name": "Rule specification",
				"value": "valid-deref valid-free valid-memtrack"
			}
		],
		"coverage": "coverage_20.zip",
		"id": "/CPAchecker_20",
		"name": "CPAchecker",
		"parent id": "/Launcher",
		"resources": {
			"CPU time": 933562.59204,
			"blkio-read": "0",
			"blkio-write": "0",
			"error traces": "1",
			"memory size": 15040000000,
			"wall time": 537593.69397
		},
		"type": "verification"
	},
	{
		"attrs": [
			{
				"name": "Coverage",
				"value": [
					{
						"name": "Lines",
						"value": "61.2"
					},
					{
						"name": "Functions",
						"value": "100.0"
					}
				]
			}
		],
		"id": "/CPAchecker/other_20",
		"parent id": "/CPAchecker_20",
		"problem desc": "unknown_20.zip",
		"type": "unknown"
	},
	{
		"attrs": [
			{
				"associate": true,
				"compare": true,
				"name": "Verification object",
				"value": "test_locks_5_true-unreach-call_true-valid-memsafety_false-termination.c"
			},
			{
				"associate": true,
				"compare": true,
				"name": "Rule specification",
				"value": "valid-deref valid-free valid-memtrack"
			}
		],
		"coverage": "coverage_21.zip",
		"id": "/CPAchecker_21",
		"name": "CPAchecker",
		"parent id": "/Launcher",
		"resources": {
			"CPU time": 931610.1757599999,
			"blkio-read": "0",
			"blkio-write": "0",
			"error traces": "1",
			"memory size": 15099000000,
			"wall time": 516938.82703
		},
		"type": "verification"
	},
	{
		"attrs": [
			{
				"name": "Coverage",
				"value": [
					{
						"name": "Lines",
						"value": "59.2"
					},
					{
						"name": "Functions",
						"value": "100.0"
					}
				]
			}
		],
		"id": "/CPAchecker/other_21",
		"parent id": "/CPAchecker_21",
		"problem desc": "unknown_21.zip",
		"type": "unknown"
	},
	{
		"attrs": [
			{
				"associate": true,
				"compare": true,
				"name": "Verification object",
				"value": "test_locks_8_true-unreach-call_true-valid-memsafety_false-termination.c"
			},
			{
				"associate": true,
				"compare": true,
				"name": "Rule specification",
				"value": "valid-deref valid-free valid-memtrack"
			}
		],
		"coverage": "coverage_22.zip",
		"id": "/CPAchecker_22",
		"name": "CPAchecker",
		"parent id": "/Launcher",
		"resources": {
			"CPU time": 925198.6557100001,
			"blkio-read": "3080192",
			"blkio-write": "0",
			"error traces": "1",
			"memory size": 15047000000,
			"wall time": 516299.20697
		},
		"type": "verification"
	},
	{
		"attrs": [
			{
				"name": "Coverage",
				"value": [
					{
						"name": "Lines",
						"value": "60.3"
					},
					{
						"name": "Functions",
						"value": "100.0"
					}
				]
			}
		],
		"id": "/CPAchecker/other_22",
		"parent id": "/CPAchecker_22",
		"problem desc": "unknown_22.zip",
		"type": "unknown"
	},
	{
		"attrs": [
			{
				"associate": true,
				"compare": true,
				"name": "Verification object",
				"value": "test_locks_7_true-unreach-call_true-valid-memsafety_false-termination.c"
			},
			{
				"associate": true,
				"compare": true,
				"name": "Rule specification",
				"value": "valid-deref valid-free valid-memtrack"
			}
		],
		"coverage": "coverage_23.zip",
		"id": "/CPAchecker_23",
		"name": "CPAchecker",
		"parent id": "/Launcher",
		"resources": {
			"CPU time": 907580.67564,
			"blkio-read": "0",
			"blkio-write": "0",
			"error traces": "1",
			"memory size": 15041000000,
			"wall time": 554733.53099
		},
		"type": "verification"
	},
	{
		"attrs": [
			{
				"name": "Coverage",
				"value": [
					{
						"name": "Lines",
						"value": "60.0"
					},
					{
						"name": "Functions",
						"value": "100.0"
					}
				]
			}
		],
		"id": "/CPAchecker/other_23",
		"parent id": "/CPAchecker_23",
		"problem desc": "unknown_23.zip",
		"type": "unknown"
	},
	{
		"attrs": [
			{
				"associate": true,
				"compare": true,
				"name": "Verification object",
				"value": "test_locks_9_true-unreach-call_true-valid-memsafety_false-termination.c"
			},
			{
				"associate": true,
				"compare": true,
				"name": "Rule specification",
				"value": "valid-deref valid-free valid-memtrack"
			}
		],
		"coverage": "coverage_24.zip",
		"id": "/CPAchecker_24",
		"name": "CPAchecker",
		"parent id": "/Launcher",
		"resources": {
			"CPU time": 920709.75808,
			"blkio-read": "0",
			"blkio-write": "0",
			"error traces": "1",
			"memory size": 15003000000,
			"wall time": 513435.3919
		},
		"type": "verification"
	},
	{
		"attrs": [
			{
				"name": "Coverage",
				"value": [
					{
						"name": "Lines",
						"value": "60.5"
					},
					{
						"name": "Functions",
						"value": "100.0"
					}
				]
			}
		],
		"id": "/CPAchecker/other_24",
		"parent id": "/CPAchecker_24",
		"problem desc": "unknown_24.zip",
		"type": "unknown"
	},
	{
		"attrs": [
			{
				"associate": true,
				"compare": true,
				"name": "Verification object",
				"value": "test_locks_6_true-unreach-call_true-valid-memsafety_false-termination.c"
			},
			{
				"associate": true,
				"compare": true,
				"name": "Rule specification",
				"value": "valid-deref valid-free valid-memtrack"
			}
		],
		"coverage": "coverage_25.zip",
		"id": "/CPAchecker_25",
		"name": "CPAchecker",
		"parent id": "/Launcher",
		"resources": {
			"CPU time": 935043.7913800001,
			"blkio-read": "0",
			"blkio-write": "0",
			"error traces": "1",
			"memory size": 15098000000,
			"wall time": 524438.65585
		},
		"type": "verification"
	},
	{
		"attrs": [
			{
				"name": "Coverage",
				"value": [
					{
						"name": "Lines",
						"value": "59.6"
					},
					{
						"name": "Functions",
						"value": "100.0"
					}
				]
			}
		],
		"id": "/CPAchecker/other_25",
		"parent id": "/CPAchecker_25",
		"problem desc": "unknown_25.zip",
		"type": "unknown"
	},
	{
		"attrs": [],
		"id": "/Exporter",
		"name": "Exporter",
		"parent id": "/",
		"resources": {
			"CPU time": 68.0,
			"memory size": 32452608,
			"wall time": 95
		},
		"type": "component"
	},
	{
		"attrs": [
			{
				"name": "version",
				"value": "SV-COMP'19"
			}
		],
		"comp": [
			{
				"memory size": "16GB"
			},
			{
				"node name": "torvalds"
			},
			{
				"CPU model": "Intel(R) Core(TM) i7-2600 CPU @ 3.40GHz"
			},
			{
				"CPU cores": "8"
			},
			{
				"Linux kernel version": "4.15.0-65-generic"
			},
			{
				"architecture": "x86_64"
			}
		],
		"config": {
			"CPU cores limit": "2",
			"CPU time limit": "900s",
			"Memory limit": "16000000000",
			"Options": "-heap 13867m -disable-java-assertions -svcomp19 -setprop cpa.predicate.ignoreIrrelevantVariables=false -setprop cpa.value.refinement.ignoreRepeatedCounterexamples=true -setprop counterexample.export.graphml=witness.%d.graphml -setprop counterexample.export.compressWitness=false -setprop coverage.enabled=true -setprop output.disable=true -setprop coverage.file=coverage.info -setprop cpa.arg.witness.removeInsufficientEdges=false -setprop cpa.arg.witness.exportSourcecode=true -stack 1024m"
		},
		"id": "/",
		"name": "Core",
		"parent id": null,
		"resources": {
			"CPU time": 14243731.52093,
			"memory size": 15231000000,
			"wall time": 75051
		},
		"type": "component"
	},
	{
		"coverage": {
			"intersection": "gc_1.zip",
			"union": "gc_2.zip",
			"valid-deref valid-free valid-memtrack": "gc_0.zip"
		},
		"id": "/",
		"name": "Global coverage",
		"parent id": null,
		"type": "job coverage"
	}
]